Tier,Count,Defaults,Default_Rate,Min_Score,Max_Score,Total_Amount,Pct_Apps
AUTO_APPROVE,184507,5181,0.028080235438221857,0.0011071338,0.39027193,115004610000.0,60.000130076647665
REVIEW,76877,7679,0.09988683221249528,0.39027256,0.6386206,44372930000.0,24.999756106285627
REJECT,46127,11965,0.2593925466646433,0.6386282,0.98123735,23946280000.0,15.000113817066707
